antecedents,consequents,antecedent support,consequent support,support,confidence,lift,representativity,leverage,conviction,zhangs_metric,jaccard,certainty,kulczynski
"frozenset({'acousticness_discretize=low_acousticness', 'speechiness_discretize=low_speechiness', 'loudness_discretize=high_loudness', 'danceability_discretize=medium_danceability', 'liveness_discretize=low_liveness', 'instrumentalness_discretize=low_instrumentalness'})",frozenset({'popularity_label=high'}),0.19337474120082815,0.3490683229813665,0.0968944099378882,0.5010706638115632,1.4354515457946917,1.0,0.029393413319959358,1.3046570522218963,0.3760793450218501,0.21747211895910779,0.23351504650440524,0.3893253674929702
"frozenset({'acousticness_discretize=low_acousticness', 'instrumentalness_discretize=low_instrumentalness', 'danceability_discretize=medium_danceability', 'mode_discretize=major'})",frozenset({'popularity_label=high'}),0.1587991718426501,0.3490683229813665,0.0824016563146998,0.5189048239895698,1.4865422893651377,1.0,0.026969895708756096,1.3530205861064823,0.3890842348587634,0.19367396593673966,0.2609129452511521,0.3774832542249154
"frozenset({'acousticness_discretize=low_acousticness', 'mode_discretize=major', 'loudness_discretize=high_loudness', 'danceability_discretize=medium_danceability', 'instrumentalness_discretize=low_instrumentalness'})",frozenset({'popularity_label=high'}),0.15010351966873706,0.3490683229813665,0.0782608695652174,0.5213793103448277,1.4936311203828692,1.0,0.025864485680850792,1.3600157516959923,0.3888598882508748,0.18593212001967538,0.264714398525928,0.37278929930052773
"frozenset({'acousticness_discretize=low_acousticness', 'speechiness_discretize=low_speechiness', 'mode_discretize=major', 'danceability_discretize=medium_danceability', 'instrumentalness_discretize=low_instrumentalness'})",frozenset({'popularity_label=high'}),0.1484472049689441,0.3490683229813665,0.07722567287784679,0.5202231520223153,1.4903189942276291,1.0,0.025407455988066305,1.3567384082045357,0.3863562144224583,0.18374384236453203,0.26293823927092325,0.3707284206137674
"frozenset({'acousticness_discretize=low_acousticness', 'speechiness_discretize=low_speechiness', 'mode_discretize=major', 'loudness_discretize=high_loudness', 'danceability_discretize=medium_danceability', 'instrumentalness_discretize=low_instrumentalness'})",frozenset({'popularity_label=high'}),0.14078674948240166,0.3490683229813665,0.07349896480331262,0.5220588235294117,1.4955777684739373,1.0,0.024354770263492913,1.361949354992833,0.3856575598167316,0.17652909000497263,0.2657583071396496,0.36630817807550065
"frozenset({'acousticness_discretize=low_acousticness', 'mode_discretize=major', 'danceability_discretize=medium_danceability', 'liveness_discretize=low_liveness', 'instrumentalness_discretize=low_instrumentalness'})",frozenset({'popularity_label=high'}),0.12815734989648034,0.3490683229813665,0.06645962732919254,0.518578352180937,1.4856070231517944,1.0,0.02172395612309195,1.3521030472299802,0.3749237089332122,0.16179435483870966,0.2604113998199508,0.354484905627835
"frozenset({'acousticness_discretize=low_acousticness', 'mode_discretize=major', 'loudness_discretize=high_loudness', 'danceability_discretize=medium_danceability', 'liveness_discretize=low_liveness', 'instrumentalness_discretize=low_instrumentalness'})",frozenset({'popularity_label=high'}),0.12111801242236025,0.3490683229813665,0.06356107660455486,0.5247863247863247,1.5033914286583323,1.0,0.02128261512544525,1.369766298762232,0.38098088189592644,0.15631364562118122,0.2699484569713576,0.35343705325911723
"frozenset({'acousticness_discretize=low_acousticness', 'speechiness_discretize=low_speechiness', 'mode_discretize=major', 'danceability_discretize=medium_danceability', 'liveness_discretize=low_liveness', 'instrumentalness_discretize=low_instrumentalness'})",frozenset({'popularity_label=high'}),0.12132505175983437,0.3490683229813665,0.06314699792960662,0.5204778156996587,1.49104854675525,1.0,0.020796265576173756,1.357458942110033,0.37480415939185113,0.15505846466700557,0.263329468775239,0.3506896789055826
"frozenset({'acousticness_discretize=low_acousticness', 'speechiness_discretize=low_speechiness', 'mode_discretize=major', 'loudness_discretize=high_loudness', 'danceability_discretize=medium_danceability', 'liveness_discretize=low_liveness', 'instrumentalness_discretize=low_instrumentalness'})",frozenset({'popularity_label=high'}),0.11511387163561076,0.3490683229813665,0.060455486542443065,0.525179856115108,1.5045188048849178,1.0,0.020272880418708124,1.3709015622059102,0.37895910923647924,0.14974358974358976,0.2705530232302708,0.34918542034699646
"frozenset({'acousticness_discretize=low_acousticness', 'tempo_discretize=fast_tempo', 'loudness_discretize=high_loudness', 'danceability_discretize=medium_danceability', 'duration_ms_descretize=medium_duration', 'instrumentalness_discretize=low_instrumentalness'})",frozenset({'popularity_label=high'}),0.10496894409937889,0.3490683229813665,0.05300207039337474,0.5049309664694279,1.4465104199569019,1.0,0.01636073711147975,1.3148301205117416,0.3448831106870228,0.13216313887454825,0.239445473297499,0.3283848189405265
"frozenset({'tempo_discretize=fast_tempo', 'mode_discretize=major', 'loudness_discretize=high_loudness', 'danceability_discretize=medium_danceability', 'instrumentalness_discretize=low_instrumentalness'})",frozenset({'popularity_label=high'}),0.11366459627329192,0.3490683229813665,0.05755693581780538,0.5063752276867031,1.450647894262619,1.0,0.017880225814333295,1.3186770873919917,0.3504912958210867,0.14205416453755748,0.24166423337365642,0.3356312674613824
"frozenset({'speechiness_discretize=low_speechiness', 'tempo_discretize=fast_tempo', 'mode_discretize=major', 'loudness_discretize=high_loudness', 'danceability_discretize=medium_danceability', 'instrumentalness_discretize=low_instrumentalness'})",frozenset({'popularity_label=high'}),0.10683229813664596,0.3490683229813665,0.054244306418219465,0.5077519379844961,1.4545918508096776,1.0,0.016952535267415095,1.3223651391402163,0.34990285489813033,0.1350515463917526,0.24377921770518965,0.33157466412866565
"frozenset({'acousticness_discretize=low_acousticness', 'instrumentalness_discretize=low_instrumentalness', 'danceability_discretize=medium_danceability', 'tempo_discretize=fast_tempo'})",frozenset({'popularity_label=high'}),0.14803312629399587,0.3490683229813665,0.07515527950310559,0.5076923076923077,1.4544210238160415,1.0,0.02348160436197163,1.3222049689440993,0.3667292610184469,0.17811579980372913,0.2436876100998238,0.36149739939775527
"frozenset({'acousticness_discretize=low_acousticness', 'tempo_discretize=fast_tempo', 'loudness_discretize=high_loudness', 'danceability_discretize=medium_danceability', 'instrumentalness_discretize=low_instrumentalness'})",frozenset({'popularity_label=high'}),0.14202898550724638,0.3490683229813665,0.07370600414078675,0.5189504373177842,1.4866729609993463,1.0,0.02412818435502745,1.3531488801054017,0.38154798056483435,0.17658730158730157,0.2609830191618632,0.3650505448747877
"frozenset({'acousticness_discretize=low_acousticness', 'speechiness_discretize=low_speechiness', 'tempo_discretize=fast_tempo', 'danceability_discretize=medium_danceability', 'instrumentalness_discretize=low_instrumentalness'})",frozenset({'popularity_label=high'}),0.13871635610766045,0.3490683229813665,0.07101449275362319,0.5119402985074627,1.4665905348701334,1.0,0.022593006957036123,1.3337132220259464,0.36938635344247583,0.1703924490809737,0.2502136265238692,0.35769019670331614
"frozenset({'acousticness_discretize=low_acousticness', 'speechiness_discretize=low_speechiness', 'tempo_discretize=fast_tempo', 'loudness_discretize=high_loudness', 'danceability_discretize=medium_danceability', 'instrumentalness_discretize=low_instrumentalness'})",frozenset({'popularity_label=high'}),0.1331262939958592,0.3490683229813665,0.06956521739130435,0.5225505443234837,1.4969864348057094,1.0,0.023095045201445417,1.3633520140813726,0.3829753659285543,0.16859006522829906,0.26651371790153505,0.36091940027562086
"frozenset({'acousticness_discretize=low_acousticness', 'tempo_discretize=fast_tempo', 'danceability_discretize=medium_danceability', 'liveness_discretize=low_liveness', 'instrumentalness_discretize=low_instrumentalness'})",frozenset({'popularity_label=high'}),0.11739130434782609,0.3490683229813665,0.05983436853002071,0.5097001763668431,1.4601731031149774,1.0,0.01885678278872986,1.3276196434157022,0.3570661530332214,0.14714867617107943,0.246772217510131,0.3405559007575615
"frozenset({'acousticness_discretize=low_acousticness', 'tempo_discretize=fast_tempo', 'loudness_discretize=high_loudness', 'danceability_discretize=medium_danceability', 'liveness_discretize=low_liveness', 'instrumentalness_discretize=low_instrumentalness'})",frozenset({'popularity_label=high'}),0.11262939958592133,0.3490683229813665,0.059006211180124224,0.5238970588235294,1.500843887377015,1.0,0.01969085554826845,1.3672078467109523,0.3760640518702261,0.14652956298200515,0.2685823136506511,0.34646810236550135
"frozenset({'acousticness_discretize=low_acousticness', 'speechiness_discretize=low_speechiness', 'tempo_discretize=fast_tempo', 'danceability_discretize=medium_danceability', 'liveness_discretize=low_liveness', 'instrumentalness_discretize=low_instrumentalness'})",frozenset({'popularity_label=high'}),0.1113871635610766,0.3490683229813665,0.056935817805383024,0.5111524163568774,1.4643334347590258,1.0,0.01805408741946684,1.3315636586921098,0.35684317546386507,0.14109799897383274,0.24900323505207303,0.337130182081167
"frozenset({'acousticness_discretize=low_acousticness', 'speechiness_discretize=low_speechiness', 'tempo_discretize=fast_tempo', 'loudness_discretize=high_loudness', 'danceability_discretize=medium_danceability', 'liveness_discretize=low_liveness', 'instrumentalness_discretize=low_instrumentalness'})",frozenset({'popularity_label=high'}),0.10703933747412009,0.3490683229813665,0.05610766045548654,0.5241779497098645,1.5016485747916046,1.0,0.018743618430358905,1.3680149472302174,0.37410968127766125,0.14026915113871635,0.26901383495503994,0.3424567091372573
"frozenset({'acousticness_discretize=low_acousticness', 'instrumentalness_discretize=low_instrumentalness', 'tempo_discretize=fast_tempo', 'valence_discretize=medium_valence'})",frozenset({'popularity_label=high'}),0.1289855072463768,0.3490683229813665,0.06583850931677018,0.5104333868378812,1.462273581510656,1.0,0.02081375461337654,1.329607982893799,0.36294854487803346,0.15971873430436964,0.24789861909254648,0.34952274324100463
"frozenset({'acousticness_discretize=low_acousticness', 'tempo_discretize=fast_tempo', 'loudness_discretize=high_loudness', 'valence_discretize=medium_valence', 'instrumentalness_discretize=low_instrumentalness'})",frozenset({'popularity_label=high'}),0.12298136645962733,0.3490683229813665,0.06397515527950311,0.5202020202020202,1.4902584564506272,1.0,0.021046255931484126,1.3566786531546258,0.37510657608845127,0.1567732115677321,0.26290577531035547,0.3517380207771667
"frozenset({'acousticness_discretize=low_acousticness', 'speechiness_discretize=low_speechiness', 'tempo_discretize=fast_tempo', 'loudness_discretize=high_loudness', 'valence_discretize=medium_valence'})",frozenset({'popularity_label=high'}),0.12111801242236025,0.3490683229813665,0.06066252587991718,0.5008547008547009,1.434832861879125,1.0,0.018384064400807573,1.3040925721092487,0.34481843727010686,0.14812942366026288,0.23318327135121025,0.33731940262189375
"frozenset({'acousticness_discretize=low_acousticness', 'speechiness_discretize=low_speechiness', 'tempo_discretize=fast_tempo', 'valence_discretize=medium_valence', 'instrumentalness_discretize=low_instrumentalness'})",frozenset({'popularity_label=high'}),0.11635610766045548,0.3490683229813665,0.06024844720496894,0.5177935943060498,1.4833588733678649,1.0,0.01963221583529442,1.3499025921936236,0.36876201702431904,0.1486969851814001,0.2592058080465077,0.3451957295373665
"frozenset({'acousticness_discretize=low_acousticness', 'speechiness_discretize=low_speechiness', 'tempo_discretize=fast_tempo', 'loudness_discretize=high_loudness', 'valence_discretize=medium_valence', 'instrumentalness_discretize=low_instrumentalness'})",frozenset({'popularity_label=high'}),0.11118012422360249,0.3490683229813665,0.05859213250517598,0.5270018621973929,1.5097384308501824,1.0,0.019782672993583064,1.3761823250354572,0.37986729979529493,0.14587628865979382,0.2733520974597352,0.3474273842422314
"frozenset({'acousticness_discretize=low_acousticness', 'tempo_discretize=fast_tempo', 'valence_discretize=medium_valence', 'liveness_discretize=low_liveness', 'instrumentalness_discretize=low_instrumentalness'})",frozenset({'popularity_label=high'}),0.10289855072463767,0.3490683229813665,0.05341614906832298,0.5191146881287727,1.4871435015788683,1.0,0.017497524529660635,1.3536110605784974,0.36514257805162115,0.13402597402597402,0.26123535103752293,0.3360697995804006
"frozenset({'acousticness_discretize=low_acousticness', 'tempo_discretize=fast_tempo', 'loudness_discretize=high_loudness', 'valence_discretize=medium_valence', 'liveness_discretize=low_liveness'})",frozenset({'popularity_label=high'}),0.10559006211180125,0.3490683229813665,0.05341614906832298,0.5058823529411764,1.4492359221268578,1.0,0.0165580031634582,1.3173617272996154,0.34657622739018085,0.13312693498452013,0.24090704984283784,0.3294536319866025
"frozenset({'acousticness_discretize=low_acousticness', 'tempo_discretize=fast_tempo', 'loudness_discretize=high_loudness', 'valence_discretize=medium_valence', 'liveness_discretize=low_liveness', 'instrumentalness_discretize=low_instrumentalness'})",frozenset({'popularity_label=high'}),0.0979296066252588,0.3490683229813665,0.05217391304347826,0.5327695560253699,1.526261539503284,1.0,0.01798978948857425,1.3931705123520979,0.382236576062603,0.13214472994231777,0.2822127721382114,0.3411178740980942
"frozenset({'acousticness_discretize=low_acousticness', 'instrumentalness_discretize=low_instrumentalness', 'tempo_discretize=fast_tempo'})",frozenset({'popularity_label=high'}),0.25072463768115943,0.3490683229813665,0.1267080745341615,0.5053674649050371,1.4477608870055334,1.0,0.03918804572868845,1.3159904188139653,0.41276975006637073,0.2678336980306346,0.24011604818426507,0.4341783943742268
"frozenset({'acousticness_discretize=low_acousticness', 'loudness_discretize=high_loudness', 'instrumentalness_discretize=low_instrumentalness', 'tempo_discretize=fast_tempo'})",frozenset({'popularity_label=high'}),0.23788819875776399,0.3490683229813665,0.12339544513457557,0.5187119234116623,1.4859896738305627,1.0,0.0403562105371449,1.3524782945649365,0.4291336429223893,0.26619026351049574,0.26061659989768726,0.436105665145926
"frozenset({'acousticness_discretize=low_acousticness', 'instrumentalness_discretize=low_instrumentalness', 'tempo_discretize=fast_tempo', 'speechiness_discretize=low_speechiness'})",frozenset({'popularity_label=high'}),0.22795031055900622,0.3490683229813665,0.11635610766045548,0.5104450499545867,1.4623069936421433,1.0,0.03678587503054151,1.3296396593645927,0.409493161705551,0.25258426966292136,0.24791653666687463,0.42188919164396
"frozenset({'acousticness_discretize=low_acousticness', 'speechiness_discretize=low_speechiness', 'tempo_discretize=fast_tempo', 'loudness_discretize=high_loudness', 'instrumentalness_discretize=low_instrumentalness'})",frozenset({'popularity_label=high'}),0.21677018633540374,0.3490683229813665,0.11325051759834369,0.5224450811843362,1.4966843073074398,1.0,0.03758291218188599,1.3630509316770185,0.4237024966401698,0.2502287282708143,0.266351699147692,0.4234408086823223
"frozenset({'acousticness_discretize=low_acousticness', 'instrumentalness_discretize=low_instrumentalness', 'tempo_discretize=fast_tempo', 'liveness_discretize=low_liveness'})",frozenset({'popularity_label=high'}),0.20434782608695654,0.3490683229813665,0.10434782608695652,0.5106382978723404,1.462860604225032,1.0,0.03301647312989467,1.3301647312989466,0.397671090294041,0.23236514522821572,0.24821341562449237,0.4047853411069887
"frozenset({'acousticness_discretize=low_acousticness', 'tempo_discretize=fast_tempo', 'loudness_discretize=high_loudness', 'liveness_discretize=low_liveness', 'instrumentalness_discretize=low_instrumentalness'})",frozenset({'popularity_label=high'}),0.19316770186335402,0.3490683229813665,0.1020703933747412,0.5284030010718114,1.5137523696185342,1.0,0.03464166763113563,1.3802710333145116,0.4206449960728099,0.23189087488240834,0.2755046104252064,0.41040553375061506
"frozenset({'acousticness_discretize=low_acousticness', 'speechiness_discretize=low_speechiness', 'tempo_discretize=fast_tempo', 'liveness_discretize=low_liveness', 'instrumentalness_discretize=low_instrumentalness'})",frozenset({'popularity_label=high'}),0.1865424430641822,0.3490683229813665,0.09585921325051759,0.513873473917869,1.4721286352451406,1.0,0.030743155485256482,1.3390169885702938,0.39425724537099394,0.21798493408662897,0.2531834856944361,0.3942439730206189
"frozenset({'acousticness_discretize=low_acousticness', 'speechiness_discretize=low_speechiness', 'tempo_discretize=fast_tempo', 'loudness_discretize=high_loudness', 'liveness_discretize=low_liveness', 'instrumentalness_discretize=low_instrumentalness'})",frozenset({'popularity_label=high'}),0.17701863354037267,0.3490683229813665,0.09378881987577639,0.5298245614035088,1.5178248111381656,1.0,0.031997222329385434,1.3844442384351534,0.41454454579532674,0.2169540229885057,0.2776884960492835,0.3992539177124305
"frozenset({'acousticness_discretize=low_acousticness', 'instrumentalness_discretize=low_instrumentalness', 'duration_ms_descretize=medium_duration', 'tempo_discretize=fast_tempo'})",frozenset({'popularity_label=high'}),0.18405797101449275,0.3490683229813665,0.09254658385093167,0.5028121484814398,1.440440496539356,1.0,0.028297776577549727,1.3092268345465277,0.37474221273856484,0.2100563909774436,0.2361904189457234,0.3839683518207911
"frozenset({'acousticness_discretize=low_acousticness', 'tempo_discretize=fast_tempo', 'loudness_discretize=high_loudness', 'duration_ms_descretize=medium_duration', 'instrumentalness_discretize=low_instrumentalness'})",frozenset({'popularity_label=high'}),0.1761904761904762,0.3490683229813665,0.0906832298136646,0.5146886016451233,1.4744637876310471,1.0,0.02918071576456669,1.3412659979245933,0.3906089159870139,0.20867079561696045,0.2544357334433669,0.3872375392567253
"frozenset({'acousticness_discretize=low_acousticness', 'speechiness_discretize=low_speechiness', 'tempo_discretize=fast_tempo', 'duration_ms_descretize=medium_duration', 'instrumentalness_discretize=low_instrumentalness'})",frozenset({'popularity_label=high'}),0.16625258799171844,0.3490683229813665,0.08426501035196687,0.5068493150684931,1.4520060449471064,1.0,0.02623149827038565,1.3199447895100067,0.37337163336666684,0.19548511047070122,0.24239255463766585,0.3741245389102845
"frozenset({'acousticness_discretize=low_acousticness', 'speechiness_discretize=low_speechiness', 'tempo_discretize=fast_tempo', 'loudness_discretize=high_loudness', 'duration_ms_descretize=medium_duration', 'instrumentalness_discretize=low_instrumentalness'})",frozenset({'popularity_label=high'}),0.16004140786749482,0.3490683229813665,0.08260869565217391,0.5161707632600259,1.478709837808971,1.0,0.02674330980029062,1.3453748297738066,0.38541757400649745,0.19368932038834952,0.2567127183670245,0.37641278376524423
"frozenset({'acousticness_discretize=low_acousticness', 'tempo_discretize=fast_tempo', 'loudness_discretize=high_loudness', 'liveness_discretize=low_liveness', 'duration_ms_descretize=medium_duration'})",frozenset({'popularity_label=high'}),0.15693581780538302,0.3490683229813665,0.07846790890269151,0.5,1.4323843416370106,1.0,0.023686586165657185,1.301863354037267,0.3580550098231826,0.18353510895883776,0.23187022900763357,0.3623962040332147
"frozenset({'acousticness_discretize=low_acousticness', 'tempo_discretize=fast_tempo', 'liveness_discretize=low_liveness', 'duration_ms_descretize=medium_duration', 'instrumentalness_discretize=low_instrumentalness'})",frozenset({'popularity_label=high'}),0.15072463768115943,0.3490683229813665,0.07701863354037267,0.510989010989011,1.4638653161784834,1.0,0.02440543703303627,1.3311187103077673,0.37311460971044796,0.18217433888344758,0.24875220199647674,0.36581479019201435
"frozenset({'acousticness_discretize=low_acousticness', 'tempo_discretize=fast_tempo', 'loudness_discretize=high_loudness', 'liveness_discretize=low_liveness', 'duration_ms_descretize=medium_duration', 'instrumentalness_discretize=low_instrumentalness'})",frozenset({'popularity_label=high'}),0.1443064182194617,0.3490683229813665,0.0761904761904762,0.5279770444763272,1.5125321025033573,1.0,0.025817676787160994,1.3790254677264062,0.3960027456632197,0.18263027295285364,0.2748502305409225,0.37312256731526916
"frozenset({'acousticness_discretize=low_acousticness', 'speechiness_discretize=low_speechiness', 'tempo_discretize=fast_tempo', 'liveness_discretize=low_liveness', 'duration_ms_descretize=medium_duration', 'instrumentalness_discretize=low_instrumentalness'})",frozenset({'popularity_label=high'}),0.13643892339544514,0.3490683229813665,0.06997929606625258,0.5128983308042488,1.4693350757915313,1.0,0.02235278988722142,1.3363363712002476,0.36988703346153123,0.16841056302939708,0.2516854127813365,0.3566864133262051
"frozenset({'acousticness_discretize=low_acousticness', 'speechiness_discretize=low_speechiness', 'tempo_discretize=fast_tempo', 'loudness_discretize=high_loudness', 'liveness_discretize=low_liveness', 'duration_ms_descretize=medium_duration', 'instrumentalness_discretize=low_instrumentalness'})",frozenset({'popularity_label=high'}),0.13167701863354037,0.3490683229813665,0.06935817805383022,0.5267295597484277,1.5089583473220083,1.0,0.023393901984234147,1.3753905202121295,0.3884397753720667,0.16859587317564165,0.2729337702242067,0.362712348082992
"frozenset({'loudness_discretize=high_loudness', 'instrumentalness_discretize=low_instrumentalness', 'tempo_discretize=fast_tempo', 'mode_discretize=major'})",frozenset({'popularity_label=high'}),0.18592132505175984,0.3490683229813665,0.09337474120082816,0.5022271714922049,1.4387646727801597,1.0,0.02847549605853683,1.3076882460016395,0.3746066726365959,0.21143928738865447,0.23529174246416967,0.3848621029465769
"frozenset({'speechiness_discretize=low_speechiness', 'tempo_discretize=fast_tempo', 'mode_discretize=major', 'loudness_discretize=high_loudness', 'instrumentalness_discretize=low_instrumentalness'})",frozenset({'popularity_label=high'}),0.17039337474120084,0.3490683229813665,0.08633540372670807,0.5066828675577156,1.4515292113308222,1.0,0.026856474158661568,1.319499433956491,0.3749625206248776,0.1993307839388145,0.24213684806099442,0.37700691420590404
"frozenset({'tempo_discretize=fast_tempo', 'mode_discretize=major', 'loudness_discretize=high_loudness', 'liveness_discretize=low_liveness', 'instrumentalness_discretize=low_instrumentalness'})",frozenset({'popularity_label=high'}),0.15403726708074533,0.3490683229813665,0.07908902691511387,0.5134408602150538,1.4708892970573604,1.0,0.025319496418605245,1.3378264301156446,0.37843177956654434,0.1865234375,0.25251887876549284,0.37000631385604404
"frozenset({'speechiness_discretize=low_speechiness', 'tempo_discretize=fast_tempo', 'mode_discretize=major', 'loudness_discretize=high_loudness', 'liveness_discretize=low_liveness', 'instrumentalness_discretize=low_instrumentalness'})",frozenset({'popularity_label=high'}),0.1422360248447205,0.3490683229813665,0.07329192546583851,0.5152838427947598,1.4761690158355218,1.0,0.02364183480575595,1.3429130994348384,0.3760600891027135,0.17533432392273401,0.2553501783392779,0.36262412780307385
"frozenset({'tempo_discretize=fast_tempo', 'mode_discretize=major', 'loudness_discretize=high_loudness', 'duration_ms_descretize=medium_duration', 'instrumentalness_discretize=low_instrumentalness'})",frozenset({'popularity_label=high'}),0.1339544513457557,0.3490683229813665,0.06728778467908902,0.5023183925811436,1.4390260000990058,1.0,0.02052852899193703,1.3079279348790553,0.3522742235053971,0.16185258964143426,0.23543188173248208,0.3475411654483417
"frozenset({'speechiness_discretize=low_speechiness', 'tempo_discretize=fast_tempo', 'mode_discretize=major', 'loudness_discretize=high_loudness', 'duration_ms_descretize=medium_duration', 'instrumentalness_discretize=low_instrumentalness'})",frozenset({'popularity_label=high'}),0.12173913043478261,0.3490683229813665,0.06169772256728778,0.5068027210884354,1.451872563972208,1.0,0.019202448465208383,1.3198200899550225,0.3543757060269784,0.15080971659919026,0.2423209741912032,0.34177621226426513
"frozenset({'tempo_discretize=fast_tempo', 'mode_discretize=major', 'loudness_discretize=high_loudness', 'liveness_discretize=low_liveness', 'duration_ms_descretize=medium_duration', 'instrumentalness_discretize=low_instrumentalness'})",frozenset({'popularity_label=high'}),0.11180124223602485,0.3490683229813665,0.05817805383022774,0.5203703703703704,1.4907407407407407,1.0,0.019151781695665025,1.3571548478380777,0.3706293706293705,0.14447300771208224,0.2631644048628781,0.3435185185185185
"frozenset({'speechiness_discretize=low_speechiness', 'tempo_discretize=fast_tempo', 'mode_discretize=major', 'loudness_discretize=high_loudness', 'liveness_discretize=low_liveness', 'duration_ms_descretize=medium_duration', 'instrumentalness_discretize=low_instrumentalness'})",frozenset({'popularity_label=high'}),0.10248447204968944,0.3490683229813665,0.0536231884057971,0.5232323232323233,1.4989395736726698,1.0,0.017849105615781284,1.3653016106958629,0.3708701286555958,0.13475546305931319,0.26756110725576376,0.3384251770372767
"frozenset({'acousticness_discretize=low_acousticness', 'tempo_discretize=fast_tempo', 'mode_discretize=major', 'duration_ms_descretize=medium_duration', 'instrumentalness_discretize=low_instrumentalness'})",frozenset({'popularity_label=high'}),0.10372670807453416,0.3490683229813665,0.054865424430641824,0.5289421157684631,1.5152968085181948,1.0,0.01865771639468642,1.3818507211285398,0.37941918696635674,0.13787721123829347,0.27633283052216173,0.3430594327359516
"frozenset({'acousticness_discretize=low_acousticness', 'tempo_discretize=fast_tempo', 'loudness_discretize=high_loudness', 'duration_ms_descretize=medium_duration', 'mode_discretize=major'})",frozenset({'popularity_label=high'}),0.10703933747412009,0.3490683229813665,0.0546583850931677,0.5106382978723404,1.462860604225032,1.0,0.017294343068040063,1.3301647312989466,0.3543357291908183,0.13615265600825166,0.24821341562449237,0.33361096388278944
"frozenset({'acousticness_discretize=low_acousticness', 'tempo_discretize=fast_tempo', 'mode_discretize=major', 'loudness_discretize=high_loudness', 'duration_ms_descretize=medium_duration', 'instrumentalness_discretize=low_instrumentalness'})",frozenset({'popularity_label=high'}),0.09958592132505176,0.3490683229813665,0.05403726708074534,0.5426195426195426,1.5544794726289386,1.0,0.01927497653125522,1.4231733483907396,0.39614867204245646,0.13693599160545647,0.29734490803193087,0.348711906541088
"frozenset({'acousticness_discretize=low_acousticness', 'loudness_discretize=high_loudness', 'mode_discretize=major', 'tempo_discretize=fast_tempo'})",frozenset({'popularity_label=high'}),0.15072463768115943,0.3490683229813665,0.07681159420289856,0.5096153846153846,1.4599301943607992,1.0,0.02419839769556216,1.3273900864693702,0.3709465240149766,0.18159569260890848,0.24664195537287134,0.36483141710010036
"frozenset({'acousticness_discretize=low_acousticness', 'instrumentalness_discretize=low_instrumentalness', 'tempo_discretize=fast_tempo', 'mode_discretize=major'})",frozenset({'popularity_label=high'}),0.1451345755693582,0.3490683229813665,0.07639751552795031,0.5263908701854493,1.5079880800686358,1.0,0.02573563262734204,1.3744069445483795,0.3940559240903621,0.18285431119920714,0.27241345515131044,0.37262604007493105
"frozenset({'acousticness_discretize=low_acousticness', 'tempo_discretize=fast_tempo', 'mode_discretize=major', 'loudness_discretize=high_loudness', 'instrumentalness_discretize=low_instrumentalness'})",frozenset({'popularity_label=high'}),0.13850931677018632,0.3490683229813665,0.07515527950310559,0.5426008968609866,1.5544260568437516,1.0,0.02680606458084179,1.4231153330897577,0.41402158174787124,0.18222891566265062,0.2973162633074316,0.3789516939820947
"frozenset({'acousticness_discretize=low_acousticness', 'speechiness_discretize=low_speechiness', 'tempo_discretize=fast_tempo', 'loudness_discretize=high_loudness', 'mode_discretize=major'})",frozenset({'popularity_label=high'}),0.13892339544513457,0.3490683229813665,0.07039337474120083,0.5067064083457526,1.4515966502431703,1.0,0.0218996180702905,1.3195624026571091,0.3612958431749713,0.16856717897868123,0.24217301282124212,0.35418357190715866
"frozenset({'acousticness_discretize=low_acousticness', 'speechiness_discretize=low_speechiness', 'tempo_discretize=fast_tempo', 'mode_discretize=major', 'instrumentalness_discretize=low_instrumentalness'})",frozenset({'popularity_label=high'}),0.13291925465838508,0.3490683229813665,0.06997929606625258,0.5264797507788163,1.5082427024090643,1.0,0.023581394750716918,1.3746649231775092,0.3886336277784371,0.16984924623115577,0.2725499988109677,0.3634771233134888
"frozenset({'acousticness_discretize=low_acousticness', 'speechiness_discretize=low_speechiness', 'tempo_discretize=fast_tempo', 'mode_discretize=major', 'loudness_discretize=high_loudness', 'instrumentalness_discretize=low_instrumentalness'})",frozenset({'popularity_label=high'}),0.12691511387163562,0.3490683229813665,0.06873706004140787,0.5415986949429037,1.5515549801745105,1.0,0.02443501408124686,1.4200039786918943,0.407160060683807,0.16878495170310115,0.2957766210477814,0.36925723596492754
"frozenset({'acousticness_discretize=low_acousticness', 'tempo_discretize=fast_tempo', 'loudness_discretize=high_loudness', 'liveness_discretize=low_liveness', 'mode_discretize=major'})",frozenset({'popularity_label=high'}),0.12132505175983437,0.3490683229813665,0.06314699792960662,0.5204778156996587,1.49104854675525,1.0,0.020796265576173756,1.357458942110033,0.37480415939185113,0.15505846466700557,0.263329468775239,0.3506896789055826
"frozenset({'acousticness_discretize=low_acousticness', 'tempo_discretize=fast_tempo', 'mode_discretize=major', 'liveness_discretize=low_liveness', 'instrumentalness_discretize=low_instrumentalness'})",frozenset({'popularity_label=high'}),0.11780538302277432,0.3490683229813665,0.06252587991718427,0.530755711775044,1.5204923415619587,1.0,0.02140375242724689,1.3871914764928934,0.3880303569569062,0.15463389656938045,0.2791189846925771,0.35493894722797276
"frozenset({'acousticness_discretize=low_acousticness', 'tempo_discretize=fast_tempo', 'mode_discretize=major', 'loudness_discretize=high_loudness', 'liveness_discretize=low_liveness', 'instrumentalness_discretize=low_instrumentalness'})",frozenset({'popularity_label=high'}),0.11200828157349897,0.3490683229813665,0.06190476190476191,0.5526802218114603,1.583300991310411,1.0,0.022806218895875932,1.4551819721780195,0.41487791355501474,0.15508298755186722,0.31280072243936163,0.36501152253087843
"frozenset({'acousticness_discretize=low_acousticness', 'speechiness_discretize=low_speechiness', 'tempo_discretize=fast_tempo', 'loudness_discretize=high_loudness', 'liveness_discretize=low_liveness', 'mode_discretize=major'})",frozenset({'popularity_label=high'}),0.11221532091097308,0.3490683229813665,0.057971014492753624,0.5166051660516605,1.4799543013223726,1.0,0.018800200609544383,1.346583850931677,0.3652951759061833,0.1437371663244353,0.25738007380073796,0.34133935645406277
"frozenset({'acousticness_discretize=low_acousticness', 'speechiness_discretize=low_speechiness', 'tempo_discretize=fast_tempo', 'mode_discretize=major', 'liveness_discretize=low_liveness', 'instrumentalness_discretize=low_instrumentalness'})",frozenset({'popularity_label=high'}),0.1082815734989648,0.3490683229813665,0.057349896480331265,0.5296367112810707,1.5172866639902558,1.0,0.019552229209264048,1.3838913295965256,0.38232781996229803,0.14337474120082816,0.277399909506225,0.34696544935346535
"frozenset({'acousticness_discretize=low_acousticness', 'speechiness_discretize=low_speechiness', 'tempo_discretize=fast_tempo', 'mode_discretize=major', 'loudness_discretize=high_loudness', 'liveness_discretize=low_liveness', 'instrumentalness_discretize=low_instrumentalness'})",frozenset({'popularity_label=high'}),0.1031055900621118,0.3490683229813665,0.0567287784679089,0.5502008032128514,1.576198030556389,1.0,0.020737883054923287,1.4471606033717834,0.4075863881755868,0.14345549738219895,0.3089916919586743,0.3563578156040532
"frozenset({'tempo_discretize=fast_tempo', 'loudness_discretize=high_loudness', 'danceability_discretize=high_danceability', 'liveness_discretize=low_liveness', 'instrumentalness_discretize=low_instrumentalness'})",frozenset({'popularity_label=high'}),0.1072463768115942,0.3490683229813665,0.05403726708074534,0.5038610038610039,1.4434452245840146,1.0,0.016600954181294446,1.3119945863644054,0.3441185251530079,0.13432835820895522,0.23780173303074065,0.32933263716181865
"frozenset({'acousticness_discretize=low_acousticness', 'speechiness_discretize=low_speechiness', 'danceability_discretize=medium_danceability', 'instrumentalness_discretize=low_instrumentalness', 'energy_discretize=high_energy'})",frozenset({'popularity_label=high'}),0.15942028985507245,0.3490683229813665,0.08053830227743271,0.5051948051948052,1.4472662568747978,1.0,0.024889729048519216,1.3155312107725665,0.3676535768105665,0.1881954523463957,0.2398507980569049,0.3679592056816256
"frozenset({'acousticness_discretize=low_acousticness', 'speechiness_discretize=low_speechiness', 'loudness_discretize=high_loudness', 'danceability_discretize=medium_danceability', 'instrumentalness_discretize=low_instrumentalness', 'energy_discretize=high_energy'})",frozenset({'popularity_label=high'}),0.15797101449275364,0.3490683229813665,0.07971014492753623,0.5045871559633026,1.4455254823859736,1.0,0.024567467818885573,1.3139176443524265,0.3660325904732099,0.18653100775193796,0.23891729112682938,0.366469141445471
"frozenset({'acousticness_discretize=low_acousticness', 'danceability_discretize=medium_danceability', 'liveness_discretize=low_liveness', 'instrumentalness_discretize=low_instrumentalness', 'energy_discretize=high_energy'})",frozenset({'popularity_label=high'}),0.13209109730848861,0.3490683229813665,0.06687370600414079,0.5062695924764891,1.450345273820547,1.0,0.02076488818589818,1.3183949521837721,0.35776682107153834,0.16141929035482258,0.24150195027399557,0.34892364558581274
"frozenset({'acousticness_discretize=low_acousticness', 'loudness_discretize=high_loudness', 'danceability_discretize=medium_danceability', 'liveness_discretize=low_liveness', 'instrumentalness_discretize=low_instrumentalness', 'energy_discretize=high_energy'})",frozenset({'popularity_label=high'}),0.13105590062111802,0.3490683229813665,0.06625258799171843,0.5055292259083728,1.4482242948620643,1.0,0.020505124545092138,1.3164209314785782,0.356178520371694,0.16008004002001,0.24036455506916046,0.34766378258645214
"frozenset({'acousticness_discretize=low_acousticness', 'speechiness_discretize=low_speechiness', 'danceability_discretize=medium_danceability', 'liveness_discretize=low_liveness', 'instrumentalness_discretize=low_instrumentalness', 'energy_discretize=high_energy'})",frozenset({'popularity_label=high'}),0.1256728778467909,0.3490683229813665,0.06459627329192547,0.514003294892916,1.4725005423088873,1.0,0.020727852577704042,1.339374671018002,0.36700577423996783,0.15749621403331648,0.2533829244061018,0.34952833783791704
"frozenset({'acousticness_discretize=low_acousticness', 'speechiness_discretize=low_speechiness', 'loudness_discretize=high_loudness', 'danceability_discretize=medium_danceability', 'liveness_discretize=low_liveness', 'instrumentalness_discretize=low_instrumentalness', 'energy_discretize=high_energy'})",frozenset({'popularity_label=high'}),0.1246376811594203,0.3490683229813665,0.06397515527950311,0.5132890365448505,1.4704543573615823,1.0,0.020468088936898006,1.3374091111440867,0.3654921880023146,0.15613946437594745,0.25228563820344396,0.34828152894858183
"frozenset({'acousticness_discretize=low_acousticness', 'speechiness_discretize=low_speechiness', 'valence_discretize=medium_valence', 'liveness_discretize=low_liveness', 'instrumentalness_discretize=low_instrumentalness', 'energy_discretize=high_energy'})",frozenset({'popularity_label=high'}),0.11946169772256729,0.3490683229813665,0.060041407867494824,0.5025996533795494,1.439831747226111,1.0,0.018341113382971334,1.3086675179085419,0.3469177943358441,0.1469842878864673,0.23586397131781914,0.3373021991690155
"frozenset({'acousticness_discretize=low_acousticness', 'speechiness_discretize=low_speechiness', 'loudness_discretize=high_loudness', 'valence_discretize=medium_valence', 'liveness_discretize=low_liveness', 'instrumentalness_discretize=low_instrumentalness', 'energy_discretize=high_energy'})",frozenset({'popularity_label=high'}),0.11801242236024845,0.3490683229813665,0.05962732919254658,0.5052631578947369,1.4474620715489792,1.0,0.01843293082828594,1.3157129641865997,0.3504988262910797,0.14634146341463414,0.23995580554439536,0.3380408316164076
"frozenset({'acousticness_discretize=low_acousticness', 'danceability_discretize=medium_danceability', 'valence_discretize=medium_valence', 'instrumentalness_discretize=low_instrumentalness', 'energy_discretize=high_energy'})",frozenset({'popularity_label=high'}),0.09979296066252588,0.3490683229813665,0.05010351966873706,0.5020746887966805,1.4383278451292802,1.0,0.015268958244923678,1.307287784679089,0.3385312521383442,0.1256490134994808,0.2350574894681828,0.3228048414327412
"frozenset({'instrumentalness_discretize=low_instrumentalness', 'danceability_discretize=medium_danceability', 'energy_discretize=high_energy', 'mode_discretize=major'})",frozenset({'popularity_label=high'}),0.11097308488612836,0.3490683229813665,0.0556935817805383,0.501865671641791,1.4377290593296859,1.0,0.016956393143268647,1.3067392467490169,0.3424628122927643,0.13773681515616998,0.23473638486954526,0.33070745029301885
"frozenset({'acousticness_discretize=low_acousticness', 'mode_discretize=major', 'danceability_discretize=medium_danceability', 'energy_discretize=high_energy'})",frozenset({'popularity_label=high'}),0.10455486542443064,0.3490683229813665,0.0525879917184265,0.502970297029703,1.4408935555477256,1.0,0.01609120018517804,1.309643413921952,0.3417140776478084,0.13113061435209084,0.23643337616204368,0.3268113644104624
"frozenset({'mode_discretize=major', 'loudness_discretize=high_loudness', 'danceability_discretize=medium_danceability', 'instrumentalness_discretize=low_instrumentalness', 'energy_discretize=high_energy'})",frozenset({'popularity_label=high'}),0.1093167701863354,0.3490683229813665,0.0546583850931677,0.5,1.4323843416370106,1.0,0.01649936345048416,1.301863354037267,0.33891213389121333,0.13538461538461538,0.23187022900763357,0.3282918149466192
"frozenset({'speechiness_discretize=low_speechiness', 'mode_discretize=major', 'danceability_discretize=medium_danceability', 'instrumentalness_discretize=low_instrumentalness', 'energy_discretize=high_energy'})",frozenset({'popularity_label=high'}),0.10476190476190476,0.3490683229813665,0.052795031055900624,0.5039525691699605,1.4437075380135878,1.0,0.016225968648328898,1.312236767216847,0.3433041301627034,0.13164687661331956,0.23794240111033998,0.327599060385692
"frozenset({'speechiness_discretize=low_speechiness', 'mode_discretize=major', 'loudness_discretize=high_loudness', 'danceability_discretize=medium_danceability', 'instrumentalness_discretize=low_instrumentalness', 'energy_discretize=high_energy'})",frozenset({'popularity_label=high'}),0.10331262939958592,0.3490683229813665,0.05196687370600414,0.503006012024048,1.4409958707450485,1.0,0.015903707418695262,1.309737527549589,0.34129563482389985,0.12978283350568767,0.23648824366289822,0.32593954219233245
"frozenset({'acousticness_discretize=low_acousticness', 'loudness_discretize=high_loudness', 'danceability_discretize=medium_danceability', 'mode_discretize=major', 'energy_discretize=high_energy'})",frozenset({'popularity_label=high'}),0.10331262939958592,0.3490683229813665,0.051759834368530024,0.5010020040080161,1.43525485133969,1.0,0.015696668081221145,1.304477537479109,0.33819995382128837,0.12919896640826875,0.23340956722605524,0.3246409782792156
"frozenset({'acousticness_discretize=low_acousticness', 'mode_discretize=major', 'danceability_discretize=medium_danceability', 'instrumentalness_discretize=low_instrumentalness', 'energy_discretize=high_energy'})",frozenset({'popularity_label=high'}),0.09606625258799172,0.3490683229813665,0.05113871635610766,0.5323275862068966,1.524995398208369,1.0,0.017605030670113035,1.3918539084638064,0.38084684561044957,0.12979506043089856,0.28153379178731247,0.3394140896633534
"frozenset({'acousticness_discretize=low_acousticness', 'mode_discretize=major', 'loudness_discretize=high_loudness', 'danceability_discretize=medium_danceability', 'instrumentalness_discretize=low_instrumentalness', 'energy_discretize=high_energy'})",frozenset({'popularity_label=high'}),0.094824016563147,0.3490683229813665,0.05031055900621118,0.5305676855895197,1.5199536900340334,1.0,0.01721049856615614,1.3866358515094614,0.37792122711305387,0.12782745923198316,0.27883012767092247,0.33734789973426166
"frozenset({'speechiness_discretize=low_speechiness', 'instrumentalness_discretize=low_instrumentalness', 'tempo_discretize=fast_tempo', 'energy_discretize=high_energy'})",frozenset({'popularity_label=high'}),0.1619047619047619,0.3490683229813665,0.08178053830227744,0.5051150895140665,1.4470378898890517,1.0,0.02526471458148477,1.3153193060169803,0.3686133486766398,0.19054510371442357,0.23972833408172425,0.3696987072718612
"frozenset({'speechiness_discretize=low_speechiness', 'tempo_discretize=fast_tempo', 'loudness_discretize=high_loudness', 'instrumentalness_discretize=low_instrumentalness', 'energy_discretize=high_energy'})",frozenset({'popularity_label=high'}),0.1598343685300207,0.3490683229813665,0.08095238095238096,0.5064766839378239,1.4509385429535522,1.0,0.025159265974820932,1.3189481749563914,0.36991626530398736,0.18916303821964198,0.24182009650753472,0.3691932648633366
"frozenset({'acousticness_discretize=low_acousticness', 'instrumentalness_discretize=low_instrumentalness', 'tempo_discretize=fast_tempo', 'energy_discretize=high_energy'})",frozenset({'popularity_label=high'}),0.1538302277432712,0.3490683229813665,0.07867494824016563,0.5114401076716016,1.465157603827898,1.0,0.024977688617980276,1.3323477576442004,0.37519606454354637,0.18545632015617372,0.24944520357946434,0.3684128177741164
"frozenset({'acousticness_discretize=low_acousticness', 'tempo_discretize=fast_tempo', 'loudness_discretize=high_loudness', 'instrumentalness_discretize=low_instrumentalness', 'energy_discretize=high_energy'})",frozenset({'popularity_label=high'}),0.15196687370600415,0.3490683229813665,0.07784679089026915,0.5122615803814714,1.467510933121297,1.0,0.024799969136993165,1.334591762378986,0.3756622963763297,0.18395303326810175,0.2507071988684818,0.3676373145086479
"frozenset({'acousticness_discretize=low_acousticness', 'speechiness_discretize=low_speechiness', 'tempo_discretize=fast_tempo', 'instrumentalness_discretize=low_instrumentalness', 'energy_discretize=high_energy'})",frozenset({'popularity_label=high'}),0.14389233954451347,0.3490683229813665,0.07515527950310559,0.5223021582733812,1.4962748662280139,1.0,0.02492702184843691,1.3626431190600912,0.3874204283130302,0.17988107036669967,0.2661321324619692,0.36880232468829205
"frozenset({'acousticness_discretize=low_acousticness', 'speechiness_discretize=low_speechiness', 'tempo_discretize=fast_tempo', 'loudness_discretize=high_loudness', 'instrumentalness_discretize=low_instrumentalness', 'energy_discretize=high_energy'})",frozenset({'popularity_label=high'}),0.14202898550724638,0.3490683229813665,0.07432712215320911,0.5233236151603499,1.499201103929116,1.0,0.024749302367449807,1.3655630900146256,0.3880994504253556,0.17834078489816194,0.26770135535130085,0.368126813511373
"frozenset({'speechiness_discretize=low_speechiness', 'tempo_discretize=fast_tempo', 'duration_ms_descretize=medium_duration', 'instrumentalness_discretize=low_instrumentalness', 'energy_discretize=high_energy'})",frozenset({'popularity_label=high'}),0.12028985507246377,0.3490683229813665,0.06128364389233954,0.5094664371772805,1.4595034944046645,1.0,0.019294265910522995,1.3269870327993896,0.3578854802083797,0.15017757483510907,0.2464131334498297,0.342514950498486
"frozenset({'speechiness_discretize=low_speechiness', 'tempo_discretize=fast_tempo', 'loudness_discretize=high_loudness', 'duration_ms_descretize=medium_duration', 'instrumentalness_discretize=low_instrumentalness', 'energy_discretize=high_energy'})",frozenset({'popularity_label=high'}),0.11925465838509317,0.3490683229813665,0.06066252587991718,0.5086805555555556,1.4572521253459865,1.0,0.01903450226971696,1.3248644733665476,0.35626296711707595,0.14880650076180799,0.2452058153095844,0.3412323299723211
"frozenset({'acousticness_discretize=low_acousticness', 'tempo_discretize=fast_tempo', 'duration_ms_descretize=medium_duration', 'instrumentalness_discretize=low_instrumentalness', 'energy_discretize=high_energy'})",frozenset({'popularity_label=high'}),0.11366459627329192,0.3490683229813665,0.05859213250517598,0.5154826958105647,1.4767386837277743,1.0,0.018915422501703895,1.343464250688834,0.36423245782374747,0.14497950819672129,0.25565566818226065,0.34166780104881733
"frozenset({'acousticness_discretize=low_acousticness', 'speechiness_discretize=low_speechiness', 'tempo_discretize=fast_tempo', 'loudness_discretize=high_loudness', 'duration_ms_descretize=medium_duration', 'energy_discretize=high_energy'})",frozenset({'popularity_label=high'}),0.11635610766045548,0.3490683229813665,0.05817805383022774,0.5,1.4323843416370106,1.0,0.01756182246055322,1.301863354037267,0.3416119962511715,0.14285714285714285,0.23187022900763357,0.3333333333333333
"frozenset({'acousticness_discretize=low_acousticness', 'tempo_discretize=fast_tempo', 'loudness_discretize=high_loudness', 'duration_ms_descretize=medium_duration', 'instrumentalness_discretize=low_instrumentalness', 'energy_discretize=high_energy'})",frozenset({'popularity_label=high'}),0.11262939958592133,0.3490683229813665,0.057971014492753624,0.5147058823529411,1.4745132928616285,1.0,0.01865565886089785,1.341313758705063,0.3626558229451369,0.14358974358974358,0.2544622810956443,0.3403897146047031
"frozenset({'acousticness_discretize=low_acousticness', 'speechiness_discretize=low_speechiness', 'tempo_discretize=fast_tempo', 'duration_ms_descretize=medium_duration', 'instrumentalness_discretize=low_instrumentalness', 'energy_discretize=high_energy'})",frozenset({'popularity_label=high'}),0.10641821946169772,0.3490683229813665,0.055900621118012424,0.5252918287937743,1.5048395807081436,1.0,0.018753391715854585,1.371224926178597,0.3754299248275152,0.13989637305699482,0.2707250423263136,0.34271708877411133
"frozenset({'acousticness_discretize=low_acousticness', 'speechiness_discretize=low_speechiness', 'tempo_discretize=fast_tempo', 'loudness_discretize=high_loudness', 'duration_ms_descretize=medium_duration', 'instrumentalness_discretize=low_instrumentalness', 'energy_discretize=high_energy'})",frozenset({'popularity_label=high'}),0.10538302277432712,0.3490683229813665,0.055279503105590065,0.5245579567779961,1.5027372071398108,1.0,0.01849362807504855,1.3691083619937376,0.37395629912967504,0.13848547717842324,0.2695976244394787,0.34146047305091975
"frozenset({'tempo_discretize=fast_tempo', 'liveness_discretize=low_liveness', 'duration_ms_descretize=medium_duration', 'instrumentalness_discretize=low_instrumentalness', 'energy_discretize=high_energy'})",frozenset({'popularity_label=high'}),0.10082815734989647,0.3490683229813665,0.051759834368530024,0.513347022587269,1.47062047395997,1.0,0.01656391857310032,1.3375684671226775,0.3558996085655078,0.13000520020800832,0.2523747198144114,0.3308134875688421
"frozenset({'speechiness_discretize=low_speechiness', 'tempo_discretize=fast_tempo', 'loudness_discretize=high_loudness', 'liveness_discretize=low_liveness', 'duration_ms_descretize=medium_duration', 'energy_discretize=high_energy'})",frozenset({'popularity_label=high'}),0.10351966873706005,0.3490683229813665,0.05217391304347826,0.5039999999999999,1.4438434163701064,1.0,0.016038475881846113,1.3123622520536964,0.34290113273946976,0.13029989658738364,0.23801526717557234,0.3267330960854092
"frozenset({'tempo_discretize=fast_tempo', 'loudness_discretize=high_loudness', 'liveness_discretize=low_liveness', 'duration_ms_descretize=medium_duration', 'instrumentalness_discretize=low_instrumentalness', 'energy_discretize=high_energy'})",frozenset({'popularity_label=high'}),0.10020703933747412,0.3490683229813665,0.0515527950310559,0.5144628099173554,1.4738169465603952,1.0,0.016573691858595987,1.3406422624553984,0.3572929546072,0.12961998958875587,0.2540888587470822,0.33107482132878446
"frozenset({'liveness_discretize=low_liveness', 'instrumentalness_discretize=low_instrumentalness', 'tempo_discretize=fast_tempo', 'energy_discretize=high_energy'})",frozenset({'popularity_label=high'}),0.13540372670807455,0.3490683229813665,0.06873706004140787,0.5076452599388379,1.454286242885283,1.0,0.021471908233993024,1.3220786235098954,0.361298642847251,0.16533864541832669,0.24361533253962692,0.35228051846289465
"frozenset({'tempo_discretize=fast_tempo', 'loudness_discretize=high_loudness', 'liveness_discretize=low_liveness', 'instrumentalness_discretize=low_instrumentalness', 'energy_discretize=high_energy'})",frozenset({'popularity_label=high'}),0.1339544513457557,0.3490683229813665,0.06832298136645963,0.5100463678516228,1.4611648616389905,1.0,0.021563725679307637,1.3285577130317219,0.3644317910155825,0.16475287069395908,0.2473040574819778,0.35288795260908545
"frozenset({'speechiness_discretize=low_speechiness', 'tempo_discretize=fast_tempo', 'liveness_discretize=low_liveness', 'instrumentalness_discretize=low_instrumentalness', 'energy_discretize=high_energy'})",frozenset({'popularity_label=high'}),0.12732919254658384,0.3490683229813665,0.06604554865424431,0.51869918699187,1.4859531869340048,1.0,0.021598960945436778,1.352442504616418,0.37474759870145813,0.16094853683148336,0.2605970334512507,0.3539522032230999
"frozenset({'speechiness_discretize=low_speechiness', 'tempo_discretize=fast_tempo', 'loudness_discretize=high_loudness', 'liveness_discretize=low_liveness', 'instrumentalness_discretize=low_instrumentalness', 'energy_discretize=high_energy'})",frozenset({'popularity_label=high'}),0.125879917184265,0.3490683229813665,0.06563146997929607,0.5213815789473685,1.493637619404383,1.0,0.02169077839075139,1.3600221980320593,0.37808714156132744,0.16034395548811334,0.2647178836882283,0.35470027939064747
"frozenset({'acousticness_discretize=low_acousticness', 'tempo_discretize=fast_tempo', 'liveness_discretize=low_liveness', 'instrumentalness_discretize=low_instrumentalness', 'energy_discretize=high_energy'})",frozenset({'popularity_label=high'}),0.12028985507246377,0.3490683229813665,0.06252587991718427,0.5197934595524957,1.4890880246966511,1.0,0.02053650193536772,1.3555243883434627,0.3733593724429122,0.15368956743002546,0.2622781201140439,0.3494578211166986
"frozenset({'acousticness_discretize=low_acousticness', 'speechiness_discretize=low_speechiness', 'tempo_discretize=fast_tempo', 'loudness_discretize=high_loudness', 'liveness_discretize=low_liveness', 'energy_discretize=high_energy'})",frozenset({'popularity_label=high'}),0.1248447204968944,0.3490683229813665,0.06252587991718427,0.5008291873963516,1.4347597717226444,1.0,0.018946542700255906,1.3040259177482925,0.3462462222514677,0.15198792148968293,0.23314407605737222,0.3399756850386266
"frozenset({'acousticness_discretize=low_acousticness', 'tempo_discretize=fast_tempo', 'loudness_discretize=high_loudness', 'liveness_discretize=low_liveness', 'instrumentalness_discretize=low_instrumentalness', 'energy_discretize=high_energy'})",frozenset({'popularity_label=high'}),0.11884057971014493,0.3490683229813665,0.062111801242236024,0.5226480836236933,1.4972658623383384,1.0,0.020628319380682325,1.3636305934623927,0.37690789473684205,0.1530612244897959,0.26666356358220056,0.35029201334209575
"frozenset({'acousticness_discretize=low_acousticness', 'speechiness_discretize=low_speechiness', 'tempo_discretize=fast_tempo', 'liveness_discretize=low_liveness', 'instrumentalness_discretize=low_instrumentalness', 'energy_discretize=high_energy'})",frozenset({'popularity_label=high'}),0.1134575569358178,0.3490683229813665,0.060041407867494824,0.5291970802919709,1.5160272229004859,1.0,0.020436968738346002,1.3825990659155474,0.3839424052569699,0.14917695473251028,0.27672452220426824,0.35060091262522625
"frozenset({'acousticness_discretize=low_acousticness', 'speechiness_discretize=low_speechiness', 'tempo_discretize=fast_tempo', 'loudness_discretize=high_loudness', 'liveness_discretize=low_liveness', 'instrumentalness_discretize=low_instrumentalness', 'energy_discretize=high_energy'})",frozenset({'popularity_label=high'}),0.11200828157349897,0.3490683229813665,0.05962732919254658,0.532347504621072,1.5250524598575195,1.0,0.020528786183660608,1.3919131907789752,0.38771178207818446,0.14853017019082002,0.28156439164115077,0.3515830049795752
"frozenset({'acousticness_discretize=low_acousticness', 'tempo_discretize=fast_tempo', 'danceability_discretize=medium_danceability', 'instrumentalness_discretize=low_instrumentalness', 'energy_discretize=high_energy'})",frozenset({'popularity_label=high'}),0.10144927536231885,0.3490683229813665,0.0525879917184265,0.5183673469387755,1.4850025419420436,1.0,0.017175263300027,1.3515106853352985,0.36347472694945376,0.13215400624349635,0.2600872410032715,0.33450988936499865
"frozenset({'speechiness_discretize=low_speechiness', 'tempo_discretize=fast_tempo', 'danceability_discretize=medium_danceability', 'instrumentalness_discretize=low_instrumentalness', 'energy_discretize=high_energy'})",frozenset({'popularity_label=high'}),0.1031055900621118,0.3490683229813665,0.051759834368530024,0.5020080321285141,1.4381368891937858,1.0,0.01576893895554441,1.307112803045482,0.3396786703601108,0.12926577042399173,0.23495508752567523,0.3251439923394646
"frozenset({'acousticness_discretize=low_acousticness', 'tempo_discretize=fast_tempo', 'loudness_discretize=high_loudness', 'danceability_discretize=medium_danceability', 'instrumentalness_discretize=low_instrumentalness', 'energy_discretize=high_energy'})",frozenset({'popularity_label=high'}),0.10144927536231885,0.3490683229813665,0.0525879917184265,0.5183673469387755,1.4850025419420436,1.0,0.017175263300027,1.3515106853352985,0.36347472694945376,0.13215400624349635,0.2600872410032715,0.33450988936499865
"frozenset({'speechiness_discretize=low_speechiness', 'tempo_discretize=fast_tempo', 'loudness_discretize=high_loudness', 'danceability_discretize=medium_danceability', 'instrumentalness_discretize=low_instrumentalness', 'energy_discretize=high_energy'})",frozenset({'popularity_label=high'}),0.1031055900621118,0.3490683229813665,0.051759834368530024,0.5020080321285141,1.4381368891937858,1.0,0.01576893895554441,1.307112803045482,0.3396786703601108,0.12926577042399173,0.23495508752567523,0.3251439923394646
"frozenset({'acousticness_discretize=low_acousticness', 'speechiness_discretize=low_speechiness', 'tempo_discretize=fast_tempo', 'danceability_discretize=medium_danceability', 'instrumentalness_discretize=low_instrumentalness', 'energy_discretize=high_energy'})",frozenset({'popularity_label=high'}),0.09544513457556936,0.3490683229813665,0.05031055900621118,0.5271149674620391,1.5100624512702543,1.0,0.01699368594318635,1.3765114821357345,0.3734165232601183,0.12762605042016806,0.2735258565017967,0.33562154067052136
"frozenset({'acousticness_discretize=low_acousticness', 'speechiness_discretize=low_speechiness', 'tempo_discretize=fast_tempo', 'loudness_discretize=high_loudness', 'danceability_discretize=medium_danceability', 'instrumentalness_discretize=low_instrumentalness', 'energy_discretize=high_energy'})",frozenset({'popularity_label=high'}),0.09544513457556936,0.3490683229813665,0.05031055900621118,0.5271149674620391,1.5100624512702543,1.0,0.01699368594318635,1.3765114821357345,0.3734165232601183,0.12762605042016806,0.2735258565017967,0.33562154067052136
"frozenset({'instrumentalness_discretize=low_instrumentalness', 'duration_ms_descretize=long_duration'})",frozenset({'popularity_label=high'}),0.17142857142857143,0.3490683229813665,0.09089026915113872,0.5301932367149759,1.518880980624753,1.0,0.031049985211475895,1.3855306647080425,0.4123006833712984,0.21156626506024095,0.27825487701441903,0.39528641669675246
"frozenset({'loudness_discretize=high_loudness', 'duration_ms_descretize=long_duration'})",frozenset({'popularity_label=high'}),0.15921325051759835,0.3490683229813665,0.08260869565217391,0.5188556566970091,1.4864014364451683,1.0,0.027032393297583675,1.3528823233171057,0.389200037769874,0.19406614785992213,0.2608374115288021,0.3777552304837358
"frozenset({'acousticness_discretize=low_acousticness', 'duration_ms_descretize=long_duration'})",frozenset({'popularity_label=high'}),0.1391304347826087,0.3490683229813665,0.07225672877846791,0.519345238095238,1.487803973902728,1.0,0.02369070123323431,1.354260331134742,0.3808572834360799,0.17371826779492283,0.26158953562340953,0.36317202592780884
"frozenset({'speechiness_discretize=low_speechiness', 'instrumentalness_discretize=low_instrumentalness', 'duration_ms_descretize=long_duration'})",frozenset({'popularity_label=high'}),0.1606625258799172,0.3490683229813665,0.08633540372670807,0.5373711340206185,1.5394439960377149,1.0,0.030253205251854987,1.407027803249191,0.41748978715399654,0.20391198044009776,0.28928199024159906,0.3923510474373555
"frozenset({'liveness_discretize=low_liveness', 'instrumentalness_discretize=low_instrumentalness', 'duration_ms_descretize=long_duration'})",frozenset({'popularity_label=high'}),0.14865424430641822,0.3490683229813665,0.07805383022774327,0.5250696378830084,1.5042030551452732,1.0,0.026163342463639522,1.3705834137811699,0.3937250358657846,0.1859891465219536,0.2703836994195072,0.37433790316451726
"frozenset({'speechiness_discretize=low_speechiness', 'instrumentalness_discretize=low_instrumentalness', 'duration_ms_descretize=long_duration', 'liveness_discretize=low_liveness'})",frozenset({'popularity_label=high'}),0.14078674948240166,0.3490683229813665,0.07494824016563147,0.5323529411764706,1.5250680343311702,1.0,0.025804045625811754,1.391929372241103,0.4007055847700192,0.1806387225548902,0.2815727436012573,0.3735311562347359
"frozenset({'loudness_discretize=high_loudness', 'instrumentalness_discretize=low_instrumentalness', 'duration_ms_descretize=long_duration'})",frozenset({'popularity_label=high'}),0.14347826086956522,0.3490683229813665,0.07950310559006211,0.5541125541125541,1.5874042920306264,1.0,0.029419389684039968,1.4598564795272266,0.4320272842639594,0.1924812030075188,0.31500115660421,0.39093528061499594
"frozenset({'loudness_discretize=high_loudness', 'duration_ms_descretize=long_duration', 'speechiness_discretize=low_speechiness'})",frozenset({'popularity_label=high'}),0.14989648033126293,0.3490683229813665,0.07888198757763976,0.526243093922652,1.5075647352588428,1.0,0.026557874567596416,1.3739782337069701,0.39604419881026803,0.18777723016264172,0.2721864324575093,0.37611087080474237
"frozenset({'liveness_discretize=low_liveness', 'loudness_discretize=high_loudness', 'duration_ms_descretize=long_duration'})",frozenset({'popularity_label=high'}),0.1372670807453416,0.3490683229813665,0.07080745341614907,0.5158371040723982,1.4777539814173686,1.0,0.022891863739824853,1.3444476693562433,0.37473633688252306,0.17040358744394618,0.2562001312562606,0.3593420395806831
"frozenset({'speechiness_discretize=low_speechiness', 'loudness_discretize=high_loudness', 'instrumentalness_discretize=low_instrumentalness', 'duration_ms_descretize=long_duration'})",frozenset({'popularity_label=high'}),0.1341614906832298,0.3490683229813665,0.07577639751552795,0.5648148148148149,1.6180637933306974,1.0,0.028944870954052702,1.495757896127924,0.44116471058635376,0.18597560975609756,0.33144260672886633,0.39094833267431134
"frozenset({'speechiness_discretize=low_speechiness', 'loudness_discretize=high_loudness', 'duration_ms_descretize=long_duration', 'liveness_discretize=low_liveness'})",frozenset({'popularity_label=high'}),0.13043478260869565,0.3490683229813665,0.06832298136645963,0.5238095238095238,1.5005931198102016,1.0,0.022792330542803135,1.3669565217391304,0.38363636363636366,0.1661631419939577,0.26844783715012727,0.35976953058803596
"frozenset({'loudness_discretize=high_loudness', 'instrumentalness_discretize=low_instrumentalness', 'duration_ms_descretize=long_duration', 'liveness_discretize=low_liveness'})",frozenset({'popularity_label=high'}),0.12318840579710146,0.3490683229813665,0.06770186335403727,0.5495798319327732,1.5744190914800085,1.0,0.024700693131695026,1.4451654769630111,0.4161043293653803,0.16734902763561926,0.3080377189043557,0.3717650049343581
"frozenset({'speechiness_discretize=low_speechiness', 'loudness_discretize=high_loudness', 'liveness_discretize=low_liveness', 'instrumentalness_discretize=low_instrumentalness', 'duration_ms_descretize=long_duration'})",frozenset({'popularity_label=high'}),0.11635610766045548,0.3490683229813665,0.06521739130434782,0.5604982206405694,1.6056977495219158,1.0,0.0246011599346733,1.4810672165363241,0.426888918641496,0.1629591308846353,0.32481119773980605,0.3736654804270463
"frozenset({'instrumentalness_discretize=low_instrumentalness', 'danceability_discretize=medium_danceability', 'duration_ms_descretize=long_duration'})",frozenset({'popularity_label=high'}),0.10476190476190476,0.3490683229813665,0.05610766045548654,0.5355731225296443,1.534293109026205,1.0,0.019538598047914815,1.401580547112462,0.38898484729528143,0.14107235814679853,0.2865197779319917,0.34815429554714716
"frozenset({'speechiness_discretize=low_speechiness', 'instrumentalness_discretize=low_instrumentalness', 'danceability_discretize=medium_danceability', 'duration_ms_descretize=long_duration'})",frozenset({'popularity_label=high'}),0.0979296066252588,0.3490683229813665,0.05300207039337474,0.5412262156448202,1.550487913146193,1.0,0.018817946838470732,1.4188510747917678,0.39358539419325217,0.13452443510246978,0.2952043961719089,0.34653244352822266
"frozenset({'acousticness_discretize=low_acousticness', 'duration_ms_descretize=long_duration', 'speechiness_discretize=low_speechiness'})",frozenset({'popularity_label=high'}),0.13146997929606624,0.3490683229813665,0.06873706004140787,0.5228346456692914,1.4978003194440552,1.0,0.022845054846135054,1.3641637455671034,0.3826629521662336,0.16691804927099044,0.2669501713049228,0.3598752113281214
"frozenset({'acousticness_discretize=low_acousticness', 'instrumentalness_discretize=low_instrumentalness', 'duration_ms_descretize=long_duration'})",frozenset({'popularity_label=high'}),0.12049689440993788,0.3490683229813665,0.06853002070393374,0.5687285223367697,1.6292756600750875,1.0,0.02646837184779393,1.5093316176288634,0.4391460562923514,0.17088280846670106,0.3374550772540069,0.3825255897567597
"frozenset({'acousticness_discretize=low_acousticness', 'loudness_discretize=high_loudness', 'duration_ms_descretize=long_duration'})",frozenset({'popularity_label=high'}),0.12111801242236025,0.3490683229813665,0.0670807453416149,0.5538461538461538,1.586641116890227,1.0,0.02480228386250529,1.4589847933176265,0.4206910090302315,0.16640986132511554,0.3145918966529652,0.3730084861757459
"frozenset({'acousticness_discretize=low_acousticness', 'duration_ms_descretize=long_duration', 'liveness_discretize=low_liveness'})",frozenset({'popularity_label=high'}),0.12028985507246377,0.3490683229813665,0.06169772256728778,0.5129087779690189,1.4693650045019937,1.0,0.019708344585471237,1.3363650330311874,0.36311267870371394,0.15134586084306753,0.25170146233790114,0.3448292407045569
"frozenset({'acousticness_discretize=low_acousticness', 'instrumentalness_discretize=low_instrumentalness', 'duration_ms_descretize=long_duration', 'speechiness_discretize=low_speechiness'})",frozenset({'popularity_label=high'}),0.11283643892339544,0.3490683229813665,0.0650103519668737,0.5761467889908256,1.6505272780698028,1.0,0.02562272546069467,1.5357478959963429,0.4442619417461296,0.1637976004173187,0.34885146018628743,0.3811932046970735
"frozenset({'acousticness_discretize=low_acousticness', 'loudness_discretize=high_loudness', 'instrumentalness_discretize=low_instrumentalness', 'duration_ms_descretize=long_duration'})",frozenset({'popularity_label=high'}),0.10807453416149068,0.3490683229813665,0.06397515527950311,0.5919540229885057,1.6958113469955414,1.0,0.026249758882759155,1.5952410112851019,0.4600292073451065,0.16271721958925747,0.373135474247609,0.38761402217040947
"frozenset({'acousticness_discretize=low_acousticness', 'loudness_discretize=high_loudness', 'duration_ms_descretize=long_duration', 'speechiness_discretize=low_speechiness'})",frozenset({'popularity_label=high'}),0.11407867494824017,0.3490683229813665,0.06376811594202898,0.5589836660617059,1.6013589009952784,1.0,0.023946864189910363,1.4759808808117985,0.4238868166187633,0.15966822187661997,0.32248444881617033,0.3708322838019087
"frozenset({'acousticness_discretize=low_acousticness', 'speechiness_discretize=low_speechiness', 'loudness_discretize=high_loudness', 'instrumentalness_discretize=low_instrumentalness', 'duration_ms_descretize=long_duration'})",frozenset({'popularity_label=high'}),0.1010351966873706,0.3490683229813665,0.06066252587991718,0.6004098360655737,1.7200352954903446,1.0,0.025394339210164214,1.6289982481286827,0.4656651517128515,0.15576820839978733,0.386125797772494,0.38709697022733014
"frozenset({'acousticness_discretize=low_acousticness', 'liveness_discretize=low_liveness', 'duration_ms_descretize=long_duration', 'speechiness_discretize=low_speechiness'})",frozenset({'popularity_label=high'}),0.11511387163561076,0.3490683229813665,0.05962732919254658,0.5179856115107914,1.4839089582426586,1.0,0.01944472306881164,1.3504403448595532,0.3685267508968959,0.1473899692937564,0.2595007963095173,0.34440205842443483
"frozenset({'acousticness_discretize=low_acousticness', 'instrumentalness_discretize=low_instrumentalness', 'duration_ms_descretize=long_duration', 'liveness_discretize=low_liveness'})",frozenset({'popularity_label=high'}),0.1031055900621118,0.3490683229813665,0.057971014492753624,0.5622489959839357,1.6107133158970401,1.0,0.02198011907976801,1.4869907117214656,0.42274436090225564,0.14705882352941177,0.3275008430669242,0.3641612714202004
"frozenset({'acousticness_discretize=low_acousticness', 'loudness_discretize=high_loudness', 'duration_ms_descretize=long_duration', 'liveness_discretize=low_liveness'})",frozenset({'popularity_label=high'}),0.10351966873706005,0.3490683229813665,0.056935817805383024,0.5499999999999999,1.5756227758007115,1.0,0.02080038064375088,1.4465148378191854,0.40751627125761064,0.14390371533228677,0.3086832061068701,0.3565539739027283
"frozenset({'acousticness_discretize=low_acousticness', 'speechiness_discretize=low_speechiness', 'liveness_discretize=low_liveness', 'instrumentalness_discretize=low_instrumentalness', 'duration_ms_descretize=long_duration'})",frozenset({'popularity_label=high'}),0.0979296066252588,0.3490683229813665,0.055900621118012424,0.5708245243128964,1.635280220896376,1.0,0.021716497563108415,1.5167028730532692,0.43065820008670586,0.142932768660667,0.34067508028985044,0.36548343653367243
"frozenset({'acousticness_discretize=low_acousticness', 'speechiness_discretize=low_speechiness', 'loudness_discretize=high_loudness', 'liveness_discretize=low_liveness', 'duration_ms_descretize=long_duration'})",frozenset({'popularity_label=high'}),0.09855072463768116,0.3490683229813665,0.054865424430641824,0.5567226890756303,1.5948817249319656,1.0,0.020464488252768025,1.468452503606017,0.4137717648486319,0.139694254085398,0.31901100134710375,0.3569497193895352
"frozenset({'acousticness_discretize=low_acousticness', 'loudness_discretize=high_loudness', 'liveness_discretize=low_liveness', 'instrumentalness_discretize=low_instrumentalness', 'duration_ms_descretize=long_duration'})",frozenset({'popularity_label=high'}),0.09171842650103519,0.3490683229813665,0.053830227743271224,0.5869074492099323,1.6813540804768523,1.0,0.02181423041806515,1.575752638903031,0.4461626133155653,0.13911182450508294,0.3653826271259456,0.3705592999311821
"frozenset({'acousticness_discretize=low_acousticness', 'speechiness_discretize=low_speechiness', 'loudness_discretize=high_loudness', 'liveness_discretize=low_liveness', 'instrumentalness_discretize=low_instrumentalness', 'duration_ms_descretize=long_duration'})",frozenset({'popularity_label=high'}),0.08674948240165631,0.3490683229813665,0.051759834368530024,0.5966587112171838,1.7092891904976262,1.0,0.02147833802708229,1.6138483589988608,0.45437859895715266,0.13477088948787064,0.380363096430979,0.3724693318837995
"frozenset({'instrumentalness_discretize=low_instrumentalness', 'duration_ms_descretize=long_duration', 'mode_discretize=major'})",frozenset({'popularity_label=high'}),0.10248447204968944,0.3490683229813665,0.053830227743271224,0.5252525252525253,1.5047269851540315,1.0,0.01805614495325541,1.3711114047839303,0.3737290391269631,0.1353461738677772,0.270664661886036,0.3397318379524785
"frozenset({'speechiness_discretize=low_speechiness', 'instrumentalness_discretize=low_instrumentalness', 'duration_ms_descretize=long_duration', 'mode_discretize=major'})",frozenset({'popularity_label=high'}),0.09710144927536232,0.3490683229813665,0.05134575569358178,0.5287846481876333,1.5148457003240028,1.0,0.01745071563597083,1.381388943537281,0.37641743903070457,0.13004719454640795,0.27609091944855874,0.33793918055882255
